id_lote,n_observaciones,positivos,negativos,porcentaje_positivo,auc
LOTE_31,125,124,1,0.992,0.10483870967741936
LOTE_30,125,10,115,0.08,0.15130434782608698
LOTE_10,125,123,2,0.984,0.20731707317073172
LOTE_35,125,16,109,0.128,0.2276376146788991
LOTE_19,125,8,117,0.064,0.26495726495726496
LOTE_15,125,90,35,0.72,0.4028571428571428
LOTE_26,125,50,75,0.4,0.43200000000000005
LOTE_16,125,102,23,0.816,0.43648763853367434
LOTE_27,125,122,3,0.976,0.45355191256830607
LOTE_33,125,42,83,0.336,0.47475616752725186
LOTE_23,125,57,68,0.456,0.48503611971104227
LOTE_07,125,85,40,0.68,0.4879411764705882
LOTE_14,125,73,52,0.584,0.493940990516333
LOTE_34,125,85,40,0.68,0.5123529411764707
LOTE_02,125,73,52,0.584,0.5160695468914647
LOTE_05,125,78,47,0.624,0.52291325695581
LOTE_21,125,109,16,0.872,0.533256880733945
LOTE_04,125,115,10,0.92,0.5452173913043479
LOTE_08,125,40,85,0.32,0.5452941176470588
LOTE_28,125,62,63,0.496,0.5524833589349718
LOTE_13,125,121,4,0.968,0.5867768595041323
LOTE_24,125,52,73,0.416,0.606691253951528
LOTE_17,125,46,79,0.368,0.6070445789763347
LOTE_11,125,97,28,0.776,0.6203976435935199
LOTE_03,125,87,38,0.696,0.6206896551724138
LOTE_20,125,22,103,0.176,0.6240070609002648
LOTE_09,125,12,113,0.096,0.6320058997050148
LOTE_01,125,101,24,0.808,0.6324257425742574
LOTE_32,125,86,39,0.688,0.6341681574239715
LOTE_25,125,75,50,0.6,0.6634666666666666
LOTE_06,125,101,24,0.808,0.6769801980198019
LOTE_22,125,112,13,0.896,0.7039835164835164
LOTE_12,125,120,5,0.96,0.8233333333333334
LOTE_18,125,124,1,0.992,0.8790322580645161
