id_lote,fecha,probabilidad_riesgo_alto,prediccion_riesgo_alto,nivel_riesgo,umbral_utilizado
LOTE_01,2026-06-28,0.3948025841559336,0,BAJO,0.55
LOTE_01,2026-07-05,0.3952522332691906,0,BAJO,0.55
LOTE_01,2026-07-12,0.3945539413485023,0,BAJO,0.55
LOTE_01,2026-07-19,0.3957366895073883,0,BAJO,0.55
LOTE_01,2026-07-26,0.39698861939286995,0,BAJO,0.55
LOTE_01,2026-08-02,0.39776751499469687,0,BAJO,0.55
LOTE_01,2026-08-09,0.401062053701046,0,BAJO,0.55
LOTE_01,2026-08-16,0.4021969566491325,0,BAJO,0.55
LOTE_01,2026-08-23,0.401612089493678,0,BAJO,0.55
LOTE_01,2026-08-30,0.39436179113892034,0,BAJO,0.55
LOTE_01,2026-09-06,0.3922625663138908,0,BAJO,0.55
LOTE_01,2026-09-13,0.39054395926764557,0,BAJO,0.55
LOTE_02,2026-06-28,0.407231895083235,0,BAJO,0.55
LOTE_02,2026-07-05,0.40705879822789093,0,BAJO,0.55
LOTE_02,2026-07-12,0.40882748860975326,0,BAJO,0.55
LOTE_02,2026-07-19,0.41041758989464755,0,BAJO,0.55
LOTE_02,2026-07-26,0.4085114445022711,0,BAJO,0.55
LOTE_02,2026-08-02,0.40625846357343237,0,BAJO,0.55
LOTE_02,2026-08-09,0.4051514312731518,0,BAJO,0.55
LOTE_02,2026-08-16,0.40153985651163254,0,BAJO,0.55
LOTE_02,2026-08-23,0.40036184998953933,0,BAJO,0.55
LOTE_02,2026-08-30,0.3902676177799379,0,BAJO,0.55
LOTE_02,2026-09-06,0.3832708074106399,0,BAJO,0.55
LOTE_02,2026-09-13,0.3785031240610779,0,BAJO,0.55
LOTE_03,2026-06-28,0.3208262556374234,0,BAJO,0.55
LOTE_03,2026-07-05,0.32082573306512147,0,BAJO,0.55
LOTE_03,2026-07-12,0.3209929892044079,0,BAJO,0.55
LOTE_03,2026-07-19,0.32155868330405957,0,BAJO,0.55
LOTE_03,2026-07-26,0.32305846706709035,0,BAJO,0.55
LOTE_03,2026-08-02,0.3237118293002668,0,BAJO,0.55
LOTE_03,2026-08-09,0.32301761592905964,0,BAJO,0.55
LOTE_03,2026-08-16,0.32055939703427894,0,BAJO,0.55
LOTE_03,2026-08-23,0.3204647734933889,0,BAJO,0.55
LOTE_03,2026-08-30,0.31951099325539273,0,BAJO,0.55
LOTE_03,2026-09-06,0.32004234160681816,0,BAJO,0.55
LOTE_03,2026-09-13,0.31952672482994116,0,BAJO,0.55
LOTE_04,2026-06-28,0.7044879619569764,1,ALTO,0.55
LOTE_04,2026-07-05,0.7033001471675991,1,ALTO,0.55
LOTE_04,2026-07-12,0.703885083065035,1,ALTO,0.55
LOTE_04,2026-07-19,0.7052251796833925,1,ALTO,0.55
LOTE_04,2026-07-26,0.7009899274603774,1,ALTO,0.55
LOTE_04,2026-08-02,0.7027906527234647,1,ALTO,0.55
LOTE_04,2026-08-09,0.7049250068291782,1,ALTO,0.55
LOTE_04,2026-08-16,0.7029699368085105,1,ALTO,0.55
LOTE_04,2026-08-23,0.6995949734901035,1,ALTO,0.55
LOTE_04,2026-08-30,0.700931763366775,1,ALTO,0.55
LOTE_04,2026-09-06,0.7012746741034528,1,ALTO,0.55
LOTE_04,2026-09-13,0.7005840724182043,1,ALTO,0.55
LOTE_05,2026-06-28,0.3381493835165626,0,BAJO,0.55
LOTE_05,2026-07-05,0.3357491774453541,0,BAJO,0.55
LOTE_05,2026-07-12,0.33581272487287217,0,BAJO,0.55
LOTE_05,2026-07-19,0.33765632902623,0,BAJO,0.55
LOTE_05,2026-07-26,0.33788348362090387,0,BAJO,0.55
LOTE_05,2026-08-02,0.3379401029797553,0,BAJO,0.55
LOTE_05,2026-08-09,0.3390531711440638,0,BAJO,0.55
LOTE_05,2026-08-16,0.33800391943786123,0,BAJO,0.55
LOTE_05,2026-08-23,0.3396747610933055,0,BAJO,0.55
LOTE_05,2026-08-30,0.3372522631907997,0,BAJO,0.55
LOTE_05,2026-09-06,0.33578172836523185,0,BAJO,0.55
LOTE_05,2026-09-13,0.334090595896824,0,BAJO,0.55
LOTE_06,2026-06-28,0.539562274351239,0,BAJO,0.55
LOTE_06,2026-07-05,0.5401630936818415,0,BAJO,0.55
LOTE_06,2026-07-12,0.5396928683131871,0,BAJO,0.55
LOTE_06,2026-07-19,0.5431119315266164,0,BAJO,0.55
LOTE_06,2026-07-26,0.5414517354660537,0,BAJO,0.55
LOTE_06,2026-08-02,0.5396635410216093,0,BAJO,0.55
LOTE_06,2026-08-09,0.5386032765652069,0,BAJO,0.55
LOTE_06,2026-08-16,0.5343163157419141,0,BAJO,0.55
LOTE_06,2026-08-23,0.5330262303078398,0,BAJO,0.55
LOTE_06,2026-08-30,0.5286112800473289,0,BAJO,0.55
LOTE_06,2026-09-06,0.5255139826217501,0,BAJO,0.55
LOTE_06,2026-09-13,0.5210364249300679,0,BAJO,0.55
LOTE_07,2026-06-28,0.5533848632039642,1,ALTO,0.55
LOTE_07,2026-07-05,0.5508226511661173,1,ALTO,0.55
LOTE_07,2026-07-12,0.5514364077798739,1,ALTO,0.55
LOTE_07,2026-07-19,0.5541271304712417,1,ALTO,0.55
LOTE_07,2026-07-26,0.5516092606588241,1,ALTO,0.55
LOTE_07,2026-08-02,0.5511321194133927,1,ALTO,0.55
LOTE_07,2026-08-09,0.5513788244627293,1,ALTO,0.55
LOTE_07,2026-08-16,0.5484348328470109,0,BAJO,0.55
LOTE_07,2026-08-23,0.5474547133964685,0,BAJO,0.55
LOTE_07,2026-08-30,0.5480472187120341,0,BAJO,0.55
LOTE_07,2026-09-06,0.5497351734987206,0,BAJO,0.55
LOTE_07,2026-09-13,0.5494020011179528,0,BAJO,0.55
LOTE_08,2026-06-28,0.2771064449087373,0,BAJO,0.55
LOTE_08,2026-07-05,0.27612032662966796,0,BAJO,0.55
LOTE_08,2026-07-12,0.27579178942752697,0,BAJO,0.55
LOTE_08,2026-07-19,0.2773871482012218,0,BAJO,0.55
LOTE_08,2026-07-26,0.27823309086694986,0,BAJO,0.55
LOTE_08,2026-08-02,0.28052477403031995,0,BAJO,0.55
LOTE_08,2026-08-09,0.2815506521870315,0,BAJO,0.55
LOTE_08,2026-08-16,0.28183249940598415,0,BAJO,0.55
LOTE_08,2026-08-23,0.2836078771890687,0,BAJO,0.55
LOTE_08,2026-08-30,0.2811264366000503,0,BAJO,0.55
LOTE_08,2026-09-06,0.28120506799792705,0,BAJO,0.55
LOTE_08,2026-09-13,0.28002570324107123,0,BAJO,0.55
LOTE_09,2026-06-28,0.20227079822301516,0,BAJO,0.55
LOTE_09,2026-07-05,0.20196742488945785,0,BAJO,0.55
LOTE_09,2026-07-12,0.20267919827727127,0,BAJO,0.55
LOTE_09,2026-07-19,0.2028926467756311,0,BAJO,0.55
LOTE_09,2026-07-26,0.2035573526860883,0,BAJO,0.55
LOTE_09,2026-08-02,0.20344549640635912,0,BAJO,0.55
LOTE_09,2026-08-09,0.20382380413497944,0,BAJO,0.55
LOTE_09,2026-08-16,0.20336865236943288,0,BAJO,0.55
LOTE_09,2026-08-23,0.2037096929044874,0,BAJO,0.55
LOTE_09,2026-08-30,0.19903215154587303,0,BAJO,0.55
LOTE_09,2026-09-06,0.1943429430792858,0,BAJO,0.55
LOTE_09,2026-09-13,0.192774780393512,0,BAJO,0.55
LOTE_10,2026-06-28,0.9535772004983012,1,ALTO,0.55
LOTE_10,2026-07-05,0.9536539548842662,1,ALTO,0.55
LOTE_10,2026-07-12,0.9539052569675995,1,ALTO,0.55
LOTE_10,2026-07-19,0.9542943444662201,1,ALTO,0.55
LOTE_10,2026-07-26,0.956680778716729,1,ALTO,0.55
LOTE_10,2026-08-02,0.9571224681832132,1,ALTO,0.55
LOTE_10,2026-08-09,0.9584282462061137,1,ALTO,0.55
LOTE_10,2026-08-16,0.9589604921751039,1,ALTO,0.55
LOTE_10,2026-08-23,0.959443136514891,1,ALTO,0.55
LOTE_10,2026-08-30,0.9585813753767767,1,ALTO,0.55
LOTE_10,2026-09-06,0.958597098647217,1,ALTO,0.55
LOTE_10,2026-09-13,0.95852014079227,1,ALTO,0.55
LOTE_11,2026-06-28,0.7682659334667464,1,ALTO,0.55
LOTE_11,2026-07-05,0.7693724081211244,1,ALTO,0.55
LOTE_11,2026-07-12,0.7694686824608198,1,ALTO,0.55
LOTE_11,2026-07-19,0.7696034645862089,1,ALTO,0.55
LOTE_11,2026-07-26,0.7750854718998178,1,ALTO,0.55
LOTE_11,2026-08-02,0.780761723977776,1,ALTO,0.55
LOTE_11,2026-08-09,0.782865804156856,1,ALTO,0.55
LOTE_11,2026-08-16,0.785323678047373,1,ALTO,0.55
LOTE_11,2026-08-23,0.7937822848521905,1,ALTO,0.55
LOTE_11,2026-08-30,0.7960160244548256,1,ALTO,0.55
LOTE_11,2026-09-06,0.7986412109926934,1,ALTO,0.55
LOTE_11,2026-09-13,0.7982938608330276,1,ALTO,0.55
LOTE_12,2026-06-28,0.906242115784664,1,ALTO,0.55
LOTE_12,2026-07-05,0.9052971397081089,1,ALTO,0.55
LOTE_12,2026-07-12,0.9058956245565939,1,ALTO,0.55
LOTE_12,2026-07-19,0.9058658626518319,1,ALTO,0.55
LOTE_12,2026-07-26,0.9069587345981047,1,ALTO,0.55
LOTE_12,2026-08-02,0.910977684619649,1,ALTO,0.55
LOTE_12,2026-08-09,0.9103912224889436,1,ALTO,0.55
LOTE_12,2026-08-16,0.9101574677533049,1,ALTO,0.55
LOTE_12,2026-08-23,0.9104407169224659,1,ALTO,0.55
LOTE_12,2026-08-30,0.911207616839172,1,ALTO,0.55
LOTE_12,2026-09-06,0.9115005768482799,1,ALTO,0.55
LOTE_12,2026-09-13,0.9114136776657767,1,ALTO,0.55
LOTE_13,2026-06-28,0.9046892182993399,1,ALTO,0.55
LOTE_13,2026-07-05,0.9049885604046031,1,ALTO,0.55
LOTE_13,2026-07-12,0.9052633839933126,1,ALTO,0.55
LOTE_13,2026-07-19,0.9068476400957334,1,ALTO,0.55
LOTE_13,2026-07-26,0.9092549056311241,1,ALTO,0.55
LOTE_13,2026-08-02,0.9101318020820085,1,ALTO,0.55
LOTE_13,2026-08-09,0.9102454342015232,1,ALTO,0.55
LOTE_13,2026-08-16,0.911454830013604,1,ALTO,0.55
LOTE_13,2026-08-23,0.9119502957950989,1,ALTO,0.55
LOTE_13,2026-08-30,0.9125021071771431,1,ALTO,0.55
LOTE_13,2026-09-06,0.91336186026261,1,ALTO,0.55
LOTE_13,2026-09-13,0.9117338821566916,1,ALTO,0.55
LOTE_14,2026-06-28,0.5233658434458693,0,BAJO,0.55
LOTE_14,2026-07-05,0.5266534391904931,0,BAJO,0.55
LOTE_14,2026-07-12,0.5281790504210252,0,BAJO,0.55
LOTE_14,2026-07-19,0.5289441391230035,0,BAJO,0.55
LOTE_14,2026-07-26,0.5310385569440113,0,BAJO,0.55
LOTE_14,2026-08-02,0.5326423627922603,0,BAJO,0.55
LOTE_14,2026-08-09,0.5320717042841018,0,BAJO,0.55
LOTE_14,2026-08-16,0.5347783432329907,0,BAJO,0.55
LOTE_14,2026-08-23,0.5563377277628012,1,ALTO,0.55
LOTE_14,2026-08-30,0.5638100537631001,1,ALTO,0.55
LOTE_14,2026-09-06,0.5696773147039488,1,ALTO,0.55
LOTE_14,2026-09-13,0.570634322441296,1,ALTO,0.55
LOTE_15,2026-06-28,0.6250272079521136,1,ALTO,0.55
LOTE_15,2026-07-05,0.6273156249668276,1,ALTO,0.55
LOTE_15,2026-07-12,0.6277662552189285,1,ALTO,0.55
LOTE_15,2026-07-19,0.6310133836372872,1,ALTO,0.55
LOTE_15,2026-07-26,0.6320224389220228,1,ALTO,0.55
LOTE_15,2026-08-02,0.6382913188825732,1,ALTO,0.55
LOTE_15,2026-08-09,0.6363606850062157,1,ALTO,0.55
LOTE_15,2026-08-16,0.6364565929775172,1,ALTO,0.55
LOTE_15,2026-08-23,0.6368795726768774,1,ALTO,0.55
LOTE_15,2026-08-30,0.6374606884565226,1,ALTO,0.55
LOTE_15,2026-09-06,0.637330847022428,1,ALTO,0.55
LOTE_15,2026-09-13,0.6363374259697965,1,ALTO,0.55
LOTE_16,2026-06-28,0.594133325729399,1,ALTO,0.55
LOTE_16,2026-07-05,0.5927196969130916,1,ALTO,0.55
LOTE_16,2026-07-12,0.5926119832037717,1,ALTO,0.55
LOTE_16,2026-07-19,0.592525151226423,1,ALTO,0.55
LOTE_16,2026-07-26,0.5916277247219963,1,ALTO,0.55
LOTE_16,2026-08-02,0.5920650137095478,1,ALTO,0.55
LOTE_16,2026-08-09,0.5908082859772076,1,ALTO,0.55
LOTE_16,2026-08-16,0.5903333211148524,1,ALTO,0.55
LOTE_16,2026-08-23,0.5904923926600092,1,ALTO,0.55
LOTE_16,2026-08-30,0.5905164998028664,1,ALTO,0.55
LOTE_16,2026-09-06,0.5909781804929034,1,ALTO,0.55
LOTE_16,2026-09-13,0.5885276640185881,1,ALTO,0.55
LOTE_17,2026-06-28,0.39217199050952445,0,BAJO,0.55
LOTE_17,2026-07-05,0.3902023625344942,0,BAJO,0.55
LOTE_17,2026-07-12,0.3887158706923983,0,BAJO,0.55
LOTE_17,2026-07-19,0.3879411140859236,0,BAJO,0.55
LOTE_17,2026-07-26,0.3877607196545727,0,BAJO,0.55
LOTE_17,2026-08-02,0.38683048709643314,0,BAJO,0.55
LOTE_17,2026-08-09,0.3818609162420929,0,BAJO,0.55
LOTE_17,2026-08-16,0.3811781330337049,0,BAJO,0.55
LOTE_17,2026-08-23,0.38203199873921184,0,BAJO,0.55
LOTE_17,2026-08-30,0.3790529686275959,0,BAJO,0.55
LOTE_17,2026-09-06,0.37448050180844,0,BAJO,0.55
LOTE_17,2026-09-13,0.37455532406641945,0,BAJO,0.55
LOTE_18,2026-06-28,0.9610012539316029,1,ALTO,0.55
LOTE_18,2026-07-05,0.9600921630225119,1,ALTO,0.55
LOTE_18,2026-07-12,0.9600921630225119,1,ALTO,0.55
LOTE_18,2026-07-19,0.9598102784812345,1,ALTO,0.55
LOTE_18,2026-07-26,0.9596389747691337,1,ALTO,0.55
LOTE_18,2026-08-02,0.9595084433996318,1,ALTO,0.55
LOTE_18,2026-08-09,0.9594868949633235,1,ALTO,0.55
LOTE_18,2026-08-16,0.9595671752554708,1,ALTO,0.55
LOTE_18,2026-08-23,0.9589226760764887,1,ALTO,0.55
LOTE_18,2026-08-30,0.9586873658733477,1,ALTO,0.55
LOTE_18,2026-09-06,0.9583339647157484,1,ALTO,0.55
LOTE_18,2026-09-13,0.9583478536046374,1,ALTO,0.55
LOTE_19,2026-06-28,0.282661822362788,0,BAJO,0.55
LOTE_19,2026-07-05,0.28279665776627516,0,BAJO,0.55
LOTE_19,2026-07-12,0.282283819685231,0,BAJO,0.55
LOTE_19,2026-07-19,0.28360841818510935,0,BAJO,0.55
LOTE_19,2026-07-26,0.2823461672475205,0,BAJO,0.55
LOTE_19,2026-08-02,0.2814243728315457,0,BAJO,0.55
LOTE_19,2026-08-09,0.2815664556428161,0,BAJO,0.55
LOTE_19,2026-08-16,0.2836624029231196,0,BAJO,0.55
LOTE_19,2026-08-23,0.2857299718696351,0,BAJO,0.55
LOTE_19,2026-08-30,0.28323352664818985,0,BAJO,0.55
LOTE_19,2026-09-06,0.283028681612943,0,BAJO,0.55
LOTE_19,2026-09-13,0.28368863220736146,0,BAJO,0.55
LOTE_20,2026-06-28,0.2549900016374924,0,BAJO,0.55
LOTE_20,2026-07-05,0.25485972616657615,0,BAJO,0.55
LOTE_20,2026-07-12,0.25450753832077383,0,BAJO,0.55
LOTE_20,2026-07-19,0.25385888289216685,0,BAJO,0.55
LOTE_20,2026-07-26,0.2526111530985401,0,BAJO,0.55
LOTE_20,2026-08-02,0.25245893026637123,0,BAJO,0.55
LOTE_20,2026-08-09,0.2523403771241112,0,BAJO,0.55
LOTE_20,2026-08-16,0.25495629571585854,0,BAJO,0.55
LOTE_20,2026-08-23,0.25744756598265994,0,BAJO,0.55
LOTE_20,2026-08-30,0.25332169825320333,0,BAJO,0.55
LOTE_20,2026-09-06,0.2458541815527323,0,BAJO,0.55
LOTE_20,2026-09-13,0.2426467750330439,0,BAJO,0.55
LOTE_21,2026-06-28,0.9266162900894349,1,ALTO,0.55
LOTE_21,2026-07-05,0.9263024194753998,1,ALTO,0.55
LOTE_21,2026-07-12,0.9274482528087331,1,ALTO,0.55
LOTE_21,2026-07-19,0.9284064716732021,1,ALTO,0.55
LOTE_21,2026-07-26,0.9300766487251806,1,ALTO,0.55
LOTE_21,2026-08-02,0.9318051966673331,1,ALTO,0.55
LOTE_21,2026-08-09,0.9322272052143415,1,ALTO,0.55
LOTE_21,2026-08-16,0.9331648731372304,1,ALTO,0.55
LOTE_21,2026-08-23,0.9335174535633403,1,ALTO,0.55
LOTE_21,2026-08-30,0.9332758165445274,1,ALTO,0.55
LOTE_21,2026-09-06,0.9332215827977428,1,ALTO,0.55
LOTE_21,2026-09-13,0.9322646183981499,1,ALTO,0.55
LOTE_22,2026-06-28,0.9267410282963345,1,ALTO,0.55
LOTE_22,2026-07-05,0.9259154685948421,1,ALTO,0.55
LOTE_22,2026-07-12,0.9269792706781753,1,ALTO,0.55
LOTE_22,2026-07-19,0.929651638815714,1,ALTO,0.55
LOTE_22,2026-07-26,0.9313551275145153,1,ALTO,0.55
LOTE_22,2026-08-02,0.9321312105501594,1,ALTO,0.55
LOTE_22,2026-08-09,0.9326555569553883,1,ALTO,0.55
LOTE_22,2026-08-16,0.9324874975549676,1,ALTO,0.55
LOTE_22,2026-08-23,0.9322362902655251,1,ALTO,0.55
LOTE_22,2026-08-30,0.9328320803960934,1,ALTO,0.55
LOTE_22,2026-09-06,0.9327615113452612,1,ALTO,0.55
LOTE_22,2026-09-13,0.9320251023850445,1,ALTO,0.55
LOTE_23,2026-06-28,0.47481718962247277,0,BAJO,0.55
LOTE_23,2026-07-05,0.4717746799208438,0,BAJO,0.55
LOTE_23,2026-07-12,0.47031201533317923,0,BAJO,0.55
LOTE_23,2026-07-19,0.4712174506335342,0,BAJO,0.55
LOTE_23,2026-07-26,0.47347337433809583,0,BAJO,0.55
LOTE_23,2026-08-02,0.4812978636287459,0,BAJO,0.55
LOTE_23,2026-08-09,0.4812300888803115,0,BAJO,0.55
LOTE_23,2026-08-16,0.4837827842438859,0,BAJO,0.55
LOTE_23,2026-08-23,0.48387383358884944,0,BAJO,0.55
LOTE_23,2026-08-30,0.48247463603927637,0,BAJO,0.55
LOTE_23,2026-09-06,0.4810230642492398,0,BAJO,0.55
LOTE_23,2026-09-13,0.47823405710770006,0,BAJO,0.55
LOTE_24,2026-06-28,0.32553755078015256,0,BAJO,0.55
LOTE_24,2026-07-05,0.3253654263992123,0,BAJO,0.55
LOTE_24,2026-07-12,0.3249784612751045,0,BAJO,0.55
LOTE_24,2026-07-19,0.32615457040115764,0,BAJO,0.55
LOTE_24,2026-07-26,0.32867444042987415,0,BAJO,0.55
LOTE_24,2026-08-02,0.33157551118372075,0,BAJO,0.55
LOTE_24,2026-08-09,0.3332934193266675,0,BAJO,0.55
LOTE_24,2026-08-16,0.33565910959196493,0,BAJO,0.55
LOTE_24,2026-08-23,0.3392573313434696,0,BAJO,0.55
LOTE_24,2026-08-30,0.34026456480282136,0,BAJO,0.55
LOTE_24,2026-09-06,0.34315104129043794,0,BAJO,0.55
LOTE_24,2026-09-13,0.34129324336068884,0,BAJO,0.55
LOTE_25,2026-06-28,0.8698603787454013,1,ALTO,0.55
LOTE_25,2026-07-05,0.868873536640138,1,ALTO,0.55
LOTE_25,2026-07-12,0.8701159608825624,1,ALTO,0.55
LOTE_25,2026-07-19,0.8709733025540487,1,ALTO,0.55
LOTE_25,2026-07-26,0.8741052046558556,1,ALTO,0.55
LOTE_25,2026-08-02,0.8785577802154703,1,ALTO,0.55
LOTE_25,2026-08-09,0.8793792087868987,1,ALTO,0.55
LOTE_25,2026-08-16,0.8804479218107708,1,ALTO,0.55
LOTE_25,2026-08-23,0.8821738325278435,1,ALTO,0.55
LOTE_25,2026-08-30,0.8826204410358974,1,ALTO,0.55
LOTE_25,2026-09-06,0.8827741513193246,1,ALTO,0.55
LOTE_25,2026-09-13,0.882538174668507,1,ALTO,0.55
LOTE_26,2026-06-28,0.3229237887913613,0,BAJO,0.55
LOTE_26,2026-07-05,0.3218295314397879,0,BAJO,0.55
LOTE_26,2026-07-12,0.3228007261649038,0,BAJO,0.55
LOTE_26,2026-07-19,0.3221878672912824,0,BAJO,0.55
LOTE_26,2026-07-26,0.321777945280072,0,BAJO,0.55
LOTE_26,2026-08-02,0.32455724092154364,0,BAJO,0.55
LOTE_26,2026-08-09,0.3237834313977341,0,BAJO,0.55
LOTE_26,2026-08-16,0.32178136991894696,0,BAJO,0.55
LOTE_26,2026-08-23,0.3221707465037042,0,BAJO,0.55
LOTE_26,2026-08-30,0.3213978924944076,0,BAJO,0.55
LOTE_26,2026-09-06,0.32328177408313175,0,BAJO,0.55
LOTE_26,2026-09-13,0.3216660142933542,0,BAJO,0.55
LOTE_27,2026-06-28,0.9406426482044433,1,ALTO,0.55
LOTE_27,2026-07-05,0.9402107928965306,1,ALTO,0.55
LOTE_27,2026-07-12,0.9398176477352403,1,ALTO,0.55
LOTE_27,2026-07-19,0.9396083175916996,1,ALTO,0.55
LOTE_27,2026-07-26,0.9404699270448651,1,ALTO,0.55
LOTE_27,2026-08-02,0.9407314029972216,1,ALTO,0.55
LOTE_27,2026-08-09,0.9427603489677288,1,ALTO,0.55
LOTE_27,2026-08-16,0.9437505465593791,1,ALTO,0.55
LOTE_27,2026-08-23,0.9441760237612368,1,ALTO,0.55
LOTE_27,2026-08-30,0.9418856867833998,1,ALTO,0.55
LOTE_27,2026-09-06,0.9417831479129808,1,ALTO,0.55
LOTE_27,2026-09-13,0.9420074009998696,1,ALTO,0.55
LOTE_28,2026-06-28,0.3577306089564768,0,BAJO,0.55
LOTE_28,2026-07-05,0.35580198204827745,0,BAJO,0.55
LOTE_28,2026-07-12,0.3555682071615328,0,BAJO,0.55
LOTE_28,2026-07-19,0.35640843918120424,0,BAJO,0.55
LOTE_28,2026-07-26,0.35625178522647005,0,BAJO,0.55
LOTE_28,2026-08-02,0.35584019106871984,0,BAJO,0.55
LOTE_28,2026-08-09,0.3572028882755858,0,BAJO,0.55
LOTE_28,2026-08-16,0.3584673851304362,0,BAJO,0.55
LOTE_28,2026-08-23,0.3622190157286498,0,BAJO,0.55
LOTE_28,2026-08-30,0.35926529772897065,0,BAJO,0.55
LOTE_28,2026-09-06,0.3560128866819875,0,BAJO,0.55
LOTE_28,2026-09-13,0.35289739102634354,0,BAJO,0.55
LOTE_30,2026-06-28,0.36993455689732835,0,BAJO,0.55
LOTE_30,2026-07-05,0.36933851495898923,0,BAJO,0.55
LOTE_30,2026-07-12,0.3689673431485705,0,BAJO,0.55
LOTE_30,2026-07-19,0.37068960761419717,0,BAJO,0.55
LOTE_30,2026-07-26,0.36995601827862445,0,BAJO,0.55
LOTE_30,2026-08-02,0.37098354804052924,0,BAJO,0.55
LOTE_30,2026-08-09,0.36961023424375816,0,BAJO,0.55
LOTE_30,2026-08-16,0.3667934813386281,0,BAJO,0.55
LOTE_30,2026-08-23,0.3656042051489878,0,BAJO,0.55
LOTE_30,2026-08-30,0.3627537809598191,0,BAJO,0.55
LOTE_30,2026-09-06,0.3578425540223713,0,BAJO,0.55
LOTE_30,2026-09-13,0.35717746246539156,0,BAJO,0.55
LOTE_31,2026-06-28,0.9566225369566947,1,ALTO,0.55
LOTE_31,2026-07-05,0.9566225369566947,1,ALTO,0.55
LOTE_31,2026-07-12,0.9573946723733613,1,ALTO,0.55
LOTE_31,2026-07-19,0.9573437959621907,1,ALTO,0.55
LOTE_31,2026-07-26,0.9577864402914278,1,ALTO,0.55
LOTE_31,2026-08-02,0.956617248372236,1,ALTO,0.55
LOTE_31,2026-08-09,0.9589414680321579,1,ALTO,0.55
LOTE_31,2026-08-16,0.9594901823744594,1,ALTO,0.55
LOTE_31,2026-08-23,0.960471384269632,1,ALTO,0.55
LOTE_31,2026-08-30,0.9598501045077272,1,ALTO,0.55
LOTE_31,2026-09-06,0.9599927639248405,1,ALTO,0.55
LOTE_31,2026-09-13,0.9595188055915073,1,ALTO,0.55
LOTE_32,2026-06-28,0.649318452657933,1,ALTO,0.55
LOTE_32,2026-07-05,0.6533443514772389,1,ALTO,0.55
LOTE_32,2026-07-12,0.6525230621845519,1,ALTO,0.55
LOTE_32,2026-07-19,0.6525672901605233,1,ALTO,0.55
LOTE_32,2026-07-26,0.6523546391626242,1,ALTO,0.55
LOTE_32,2026-08-02,0.6527358959637347,1,ALTO,0.55
LOTE_32,2026-08-09,0.6538400626304014,1,ALTO,0.55
LOTE_32,2026-08-16,0.654772003183411,1,ALTO,0.55
LOTE_32,2026-08-23,0.6721652013684029,1,ALTO,0.55
LOTE_32,2026-08-30,0.6800276269632174,1,ALTO,0.55
LOTE_32,2026-09-06,0.6873061770154355,1,ALTO,0.55
LOTE_32,2026-09-13,0.68739485485432,1,ALTO,0.55
LOTE_33,2026-06-28,0.4053391819281005,0,BAJO,0.55
LOTE_33,2026-07-05,0.40547865616548084,0,BAJO,0.55
LOTE_33,2026-07-12,0.404549717283417,0,BAJO,0.55
LOTE_33,2026-07-19,0.40654345577319584,0,BAJO,0.55
LOTE_33,2026-07-26,0.4060427365624355,0,BAJO,0.55
LOTE_33,2026-08-02,0.4069717844384339,0,BAJO,0.55
LOTE_33,2026-08-09,0.4091876712179521,0,BAJO,0.55
LOTE_33,2026-08-16,0.4145348788503524,0,BAJO,0.55
LOTE_33,2026-08-23,0.4157198529197272,0,BAJO,0.55
LOTE_33,2026-08-30,0.4165550347523894,0,BAJO,0.55
LOTE_33,2026-09-06,0.41755743063042194,0,BAJO,0.55
LOTE_33,2026-09-13,0.4165653394645938,0,BAJO,0.55
LOTE_34,2026-06-28,0.5884212009106198,1,ALTO,0.55
LOTE_34,2026-07-05,0.5903151507665743,1,ALTO,0.55
LOTE_34,2026-07-12,0.5927559537236815,1,ALTO,0.55
LOTE_34,2026-07-19,0.5943869615292817,1,ALTO,0.55
LOTE_34,2026-07-26,0.5967560096713616,1,ALTO,0.55
LOTE_34,2026-08-02,0.5988030915131826,1,ALTO,0.55
LOTE_34,2026-08-09,0.6020529409692821,1,ALTO,0.55
LOTE_34,2026-08-16,0.6052642723460216,1,ALTO,0.55
LOTE_34,2026-08-23,0.6301473273590243,1,ALTO,0.55
LOTE_34,2026-08-30,0.6369751360265868,1,ALTO,0.55
LOTE_34,2026-09-06,0.6441218690561645,1,ALTO,0.55
LOTE_34,2026-09-13,0.644947827763051,1,ALTO,0.55
LOTE_35,2026-06-28,0.18534443899442196,0,BAJO,0.55
LOTE_35,2026-07-05,0.1840483941830488,0,BAJO,0.55
LOTE_35,2026-07-12,0.18376649435008263,0,BAJO,0.55
LOTE_35,2026-07-19,0.1851405260744322,0,BAJO,0.55
LOTE_35,2026-07-26,0.18473403579637812,0,BAJO,0.55
LOTE_35,2026-08-02,0.1835987423124962,0,BAJO,0.55
LOTE_35,2026-08-09,0.18312036401225096,0,BAJO,0.55
LOTE_35,2026-08-16,0.1824783099052151,0,BAJO,0.55
LOTE_35,2026-08-23,0.18271001902481332,0,BAJO,0.55
LOTE_35,2026-08-30,0.17951259608403514,0,BAJO,0.55
LOTE_35,2026-09-06,0.1796839817918928,0,BAJO,0.55
LOTE_35,2026-09-13,0.17826400548067828,0,BAJO,0.55
